stori,
strang,
journey,
self,
discoveri,
soul,
awaken,
year,
follow,
husband,
marriag,
struggl,
rais,
teen,
age,
son,
alon,
becom,
driven,
discov,
secret,
surround,
everi,
life,
dure,
gradual,
comfort,
upper,
middl,
class,
exist,
sometim,
use,
devic,
time,
camera,
record,
famili,
person,
film,
seen,
entir,
video,
result,
tape,
kind,
move,
dream,
hous,
quick,
descend,
nightmar,
horrifi,
truth,
make,
histori,
book,
alreadi,
occupi,
violent,
ever,
document,
tear,
bed,
sleep,
drag,
dark,
renown,
fall,
sudden,
ill,
speak,
tour,
find,
strand,
small,
citi,
celebr,
mani,
build,
strike,
friendship,
young,
work,
local,
lord,
charact,
play,
child,
artist,
con,
girl,
leav,
pregnant,
commit,
suicid,
apart,
ghost,
haunt,
nearbi,
block,
owner,
call,
upon,
seri,
eccentr,
spirit,
version,
task,
forc,
oper,
drug,
u,
armi,
form,
south,
america,
attempt,
mountain,
attack,
pilot,
leader,
eric,
sever,
shot,
pair,
black,
turn,
new,
match,
enemi,
man,
murder,
kill,
replac,
wife,
want,
trial,
earli,
execut,
assist,
judg,
look,
way,
save,
becaus,
doe,
capit,
punish,
although,
manag,
initi,
pay,
high,
price,
china,
sold,
father,
rather,
bride,
end,
gold,
mine,
town,
properti,
plan,
sell,
entertain,
refus,
ultim,
countri,
fill,
white,
demon,
woman,
remain,
beach,
cop,
peter,
moral,
team,
polic,
help,
professor,
determin,
ident,
die,
anna,
star,
drama,
war,
orphan,
marri,
live,
hostil,
law,
wild,
canada,
church,
get,
pretti,
daughter,
italian,
offic,
march,
take,
week,
militari,
train,
convict,
effort,
improv,
condit,
boy,
school,
corrupt,
fund,
institut,
sent,
back,
prison,
part,
scheme,
involv,
crack,
hard,
inmat,
robert,
architect,
separ,
stand,
shadow,
home,
watch,
cook,
think,
hes,
confront,
invit,
documentari,
quest,
peac,
rival,
gang,
movi,
base,
real,
tell,
swedish,
continu,
face,
battl,
soviet,
union,
girlfriend,
creatur,
claim,
difficult,
teenag,
slowli,
transform,
edg,
closer,
serial,
killer,
magic,
summer,
comedi,
direct,
ball,
remot,
fish,
villag,
christian,
experi,
tri,
win,
heart,
feel,
toward,
best,
friend,
natur,
right,
camp,
youth,
name,
mass,
various,
return,
old,
dancer,
despit,
fact,
uncl,
serious,
decid,
go,
keep,
huge,
doesnt,
complet,
understand,
exact,
must,
silent,
mom,
hidden,
ask,
say,
realli,
believ,
order,
love,
mother,
attract,
intellig,
suburban,
devot,
children,
perfect,
basketbal,
kid,
next,
activ,
howev,
lie,
depress,
send,
world,
onli,
veri,
danger,
pain,
root,
destruct,
effect,
william,
respect,
gambler,
ruthless,
cheat,
divorc,
addict,
lifestyl,
agre,
togeth,
promis,
give,
gambl,
chang,
brother,
arriv,
california,
car,
break,
area,
close,
public,
inhabit,
readi,
john,
sentenc,
death,
emerg,
cia,
arrang,
doubl,
agent,
crime,
report,
uncov,
plot,
prostitut,
featur,
mad,
trip,
ladi,
border,
grow,
grandmoth,
learn,
trick,
evil,
surviv,
adult,
found,
painter,
paul,
focus,
conflict,
citizen,
art,
scene,
incred,
success,
pacif,
opposit,
franc,
anoth,
jean,
french,
action,
hero,
policeman,
advanc,
caus,
justic,
ani,
mean,
power,
pari,
henri,
perform,
chase,
land,
water,
interest,
themselv,
modern,
day,
rise,
head,
start,
cast,
blame,
come,
consequ,
bird,
poet,
violenc,
fascin,
tree,
lot,
poor,
drunk,
happi,
deal,
meet,
lost,
itali,
treasur,
ago,
russia,
peopl,
around,
thus,
wors,
inform,
known,
even,
whole,
thing,
undercov,
sister,
extrem,
teacher,
hate,
job,
student,
enough,
money,
rich,
fianc,
dump,
appar,
reason,
deliv,
injur,
ruin,
surpris,
tini,
favorit,
escap,
bill,
bring,
show,
screen,
appear,
stage,
met,
rest,
hire,
millionair,
guard,
green,
made,
metal,
contain,
similar,
compos,
gain,
attent,
fellow,
thief,
partner,
steal,
possess,
open,
meanwhil,
inspector,
japanes,
hunt,
arrest,
georg,
american,
detect,
side,
seek,
sword,
skill,
key,
everyon,
first,
walk,
along,
moscow,
charm,
golden,
festiv,
prove,
possibl,
creat,
genr,
romant,
talent,
includ,
writer,
actor,
decad,
belov,
russian,
funni,
humor,
alway,
street,
generat,
viewer,
visit,
well,
theme,
era,
wake,
memori,
stumbl,
shop,
befriend,
ex,
fail,
write,
market,
restaur,
top,
staff,
unlik,
prepar,
establish,
near,
recent,
releas,
search,
opportun,
track,
sign,
classic,
food,
inspir,
engag,
circumst,
background,
increas,
disturb,
energi,
never,
knew,
befor,
consid,
whether,
might,
kidnap,
recov,
control,
threaten,
crisi,
convinc,
canadian,
london,
coach,
gay,
communiti,
clerk,
notic,
relationship,
former,
member,
organ,
hold,
nation,
bank,
state,
investig,
month,
later,
becam,
throughout,
written,
greatest,
lover,
foreign,
assign,
enjoy,
central,
los,
angel,
suspect,
women,
filmmak,
nick,
took,
neighborhood,
view,
thriller,
trap,
insid,
talk,
jackson,
situat,
cant,
hope,
rescu,
odd,
set,
york,
elit,
privat,
center,
fresh,
coupl,
jeff,
length,
eye,
innoc,
crook,
ocean,
carri,
hunter,
troop,
whos,
long,
design,
far,
better,
victim,
attorney,
dont,
need,
problem,
began,
santa,
much,
intens,
castl,
could,
see,
wonder,
present,
left,
without,
gift,
footbal,
societi,
god,
troubl,
told,
flashback,
usual,
confess,
priest,
chris,
religi,
blind,
rage,
parent,
pleasur,
catch,
receiv,
supernatur,
didnt,
know,
anyth,
happen,
england,
wealthi,
sir,
begin,
romanc,
scientist,
realiz,
behind,
door,
jail,
twenti,
someth,
debt,
half,
reveal,
littl,
quit,
singer,
contest,
televis,
offer,
winner,
shi,
eve,
kevin,
mark,
bad,
martin,
slip,
drink,
motion,
night,
alter,
event,
dead,
forev,
parti,
accid,
run,
wood,
protect,
cell,
phone,
fiction,
colleg,
mix,
neighbor,
produc,
extraordinari,
human,
strength,
minut,
crimin,
stop,
third,
final,
depict,
adventur,
comput,
terribl,
act,
nazi,
particip,
northern,
crew,
mission,
occur,
physic,
goe,
letter,
buddi,
soldier,
vietnam,
encount,
tough,
femal,
million,
mob,
boyfriend,
recruit,
join,
differ,
thoma,
social,
attend,
musician,
neither,
constant,
demand,
tabl,
abus,
alcohol,
labor,
group,
seem,
valu,
polit,
luxuri,
th,
passeng,
pick,
shes,
cancer,
threat,
lone,
navi,
sailor,
figur,
due,
servic,
captur,
slave,
revolut,
reveng,
danc,
soon,
athlet,
director,
bet,
hors,
competit,
balanc,
weapon,
test,
embark,
global,
trace,
latest,
album,
accident,
relat,
classmat,
put,
share,
tokyo,
role,
cut,
wait,
clash,
challeng,
upsid,
babi,
crazi,
author,
expect,
twin,
photograph,
isnt,
sure,
adopt,
truck,
tale,
arm,
caught,
co,
worker,
eventu,
seduc,
ray,
previous,
blond,
coast,
idea,
doctor,
style,
sort,
famous,
brought,
big,
mr,
hell,
collect,
miss,
sam,
chines,
betray,
frame,
hide,
alli,
champion,
fight,
imposs,
lose,
hollywood,
special,
frank,
amp,
chronicl,
amaz,
hand,
govern,
good,
hotel,
develop,
tragedi,
construct,
centuri,
refug,
indian,
vacat,
someon,
whi,
noth,
travel,
magazin,
cross,
band,
west,
michel,
comic,
outlaw,
mistaken,
companion,
pass,
true,
music,
fulfil,
ambit,
japan,
unexpect,
resist,
candid,
posit,
rebel,
general,
charg,
defend,
men,
combat,
space,
crash,
alien,
onto,
monster,
polish,
late,
satir,
gangster,
ambiti,
dealer,
drive,
steve,
jane,
hometown,
everyth,
touch,
wit,
destroy,
elder,
terrifi,
els,
jewish,
freedom,
faith,
estrang,
trail,
buri,
squad,
transfer,
career,
anyon,
current,
straight,
past,
stranger,
illeg,
great,
adam,
bright,
dramat,
plant,
protest,
sexual,
de,
explor,
cultur,
defens,
imprison,
wrong,
bond,
beauti,
duo,
enter,
larg,
forgotten,
onc,
handsom,
sound,
impress,
portrait,
project,
pictur,
obsess,
graduat,
childhood,
clear,
last,
horror,
repres,
stay,
instead,
away,
heaven,
host,
fate,
await,
curs,
passion,
david,
burn,
strong,
case,
heroin,
smuggl,
boat,
luck,
complic,
monk,
mysteri,
solv,
conspiraci,
independ,
exploit,
held,
kelli,
finish,
news,
inherit,
estat,
titl,
king,
cat,
rid,
unravel,
bodi,
count,
audienc,
grip,
visual,
examin,
question,
second,
term,
would,
unit,
us,
econom,
ideal,
presid,
intend,
race,
answer,
note,
rock,
rare,
footag,
concert,
sun,
eddi,
businessman,
cover,
hang,
mike,
short,
driver,
virgin,
led,
knight,
hill,
bizarr,
connect,
anonym,
intim,
financi,
matter,
explain,
eat,
sport,
perspect,
brutal,
prime,
suppos,
district,
tension,
immigr,
fear,
dinner,
discuss,
grown,
gun,
affair,
tommi,
encourag,
charli,
sing,
ignor,
billi,
german,
vampir,
road,
quiet,
rural,
resid,
compani,
court,
choic,
spend,
hour,
program,
brand,
rob,
african,
cinema,
jim,
whose,
deceas,
care,
disappear,
belong,
spark,
mari,
free,
movement,
mexican,
revolutionari,
number,
widow,
intent,
lead,
engin,
radio,
alan,
van,
angri,
pursu,
outsid,
shoot,
aristocrat,
actual,
aris,
suspicion,
thirti,
full,
mansion,
joe,
worst,
woo,
voic,
decis,
moment,
truli,
tire,
particular,
revolv,
anni,
imag,
danni,
sarah,
morn,
kingdom,
queen,
chanc,
villain,
carlo,
emot,
ben,
marshal,
countrysid,
teach,
line,
plagu,
vision,
jame,
got,
al,
jason,
certain,
respons,
longer,
regular,
ticket,
wolf,
describ,
legendari,
leagu,
air,
draw,
interview,
survivor,
overcom,
irish,
journalist,
evid,
expos,
sheriff,
concern,
safeti,
still,
mid,
trade,
flight,
nephew,
witch,
invent,
brown,
approach,
matt,
robberi,
cannot,
unawar,
tv,
hear,
senior,
creativ,
advertis,
agenc,
major,
account,
park,
terror,
actress,
weekend,
club,
rent,
especi,
distant,
vincent,
suggest,
spain,
lawyer,
charl,
baron,
deepli,
bore,
propos,
total,
abov,
board,
contract,
exchang,
birthday,
place,
dad,
pal,
loss,
hall,
sight,
toy,
fli,
pirat,
princess,
model,
africa,
territori,
minist,
univers,
knowledg,
thousand,
planet,
futur,
lake,
pressur,
allow,
realiti,
funer,
wish,
hospit,
list,
christma,
hit,
locat,
routin,
episod,
earth,
mexico,
safe,
like,
ride,
novelist,
naiv,
frustrat,
affect,
dog,
stalk,
daili,
legend,
spread,
suspici,
joseph,
guid,
wing,
influenc,
promin,
notori,
blood,
devast,
mercenari,
accept,
reach,
goal,
gather,
reunion,
washington,
jack,
educ,
strict,
wilder,
experienc,
behavior,
super,
unfortun,
cope,
employe,
custom,
diseas,
wed,
red,
histor,
ritual,
except,
san,
francisco,
joy,
mind,
everyday,
ensu,
main,
import,
rule,
profession,
j,
busi,
sacrific,
welcom,
guest,
popular,
broadway,
abil,
dr,
health,
younger,
almost,
spent,
complex,
achiev,
support,
c,
l,
e,
assassin,
sinc,
civil,
jungl,
spring,
berlin,
jealous,
circl,
flee,
drop,
ancient,
mous,
game,
unfold,
drawn,
command,
common,
serv,
object,
pop,
remak,
torn,
incid,
shock,
observ,
sex,
thiev,
reunit,
texa,
said,
lock,
detail,
contemporari,
smart,
room,
patient,
accus,
fantasi,
india,
politician,
disguis,
taken,
point,
princ,
aveng,
nativ,
farm,
fu,
smith,
colonel,
ed,
lee,
plane,
proceed,
academi,
lifetim,
award,
retir,
jewel,
stolen,
suppli,
adapt,
hundr,
duti,
sens,
word,
fame,
activist,
boss,
player,
easi,
media,
elect,
michael,
fairi,
deep,
daniel,
depart,
beast,
tourist,
british,
born,
subject,
fun,
laugh,
jump,
hip,
color,
anim,
treat,
communist,
bandit,
infiltr,
novel,
forest,
aunt,
terrorist,
came,
machin,
bobbi,
pose,
fashion,
uniqu,
fierc,
launch,
korean,
secur,
mental,
roommat,
unleash,
virus,
system,
firm,
pretend,
doubt,
chao,
tragic,
suffer,
photo,
studio,
limit,
bare,
oil,
issu,
individu,
brave,
opera,
mile,
poison,
fan,
ice,
prevent,
compet,
thug,
cours,
birth,
urban,
destin,
industri,
lure,
icon,
product,
mechan,
origin,
laura,
date,
offici,
sea,
ship,
shape,
island,
underworld,
devil,
blue,
cowboy,
card,
clan,
season,
field,
southern,
earn,
critic,
tradit,
landscap,
fiance,
desir,
intern,
reput,
check,
thrill,
rememb,
desper,
luci,
thought,
studi,
communic,
grand,
research,
listen,
tortur,
robber,
greek,
given,
though,
fred,
holiday,
fox,
pull,
provid,
kim,
corpor,
reluct,
store,
simpl,
altern,
explos,
reject,
nurs,
domin,
pack,
comedian,
joke,
unusu,
north,
destini,
path,
coloni,
process,
factori,
farmer,
diamond,
unabl,
experiment,
vicious,
abduct,
blackmail,
front,
presenc,
storm,
chosen,
honest,
insight,
debut,
dedic,
europ,
jerri,
portray,
wall,
richard,
scott,
emili,
rose,
bar,
heist,
step,
motiv,
inner,
station,
germani,
cost,
bob,
immedi,
light,
hair,
piec,
nightclub,
spi,
push,
expedit,
hot,
chain,
loui,
abandon,
nowher,
twist,
rout,
let,
fast,
ii,
foot,
medic,
fire,
wound,
honor,
today,
combin,
narrat,
rape,
stuck,
corps,
sibl,
roll,
bear,
employ,
leo,
heir,
fortun,
succeed,
maintain,
confus,
max,
wwii,
bomb,
wave,
lieuten,
marin,
dollar,
nice,
bulli,
mask,
wear,
bus,
risk,
ventur,
rome,
bound,
captiv,
aspir,
abl,
trust,
built,
underground,
transport,
jimmi,
least,
older,
manner,
insur,
less,
jonathan,
ring,
ordinari,
theyv,
broken,
intrigu,
roman,
emperor,
bitter,
genius,
clue,
purpos,
valley,
endur,
mistress,
radic,
thrown,
spiral,
worth,
buy,
chicago,
site,
done,
consist,
lust,
messag,
isol,
unknown,
settl,
associ,
helen,
theatr,
client,
roger,
convent,
throw,
belief,
persuad,
shown,
lucki,
normal,
grace,
jone,
wander,
choos,
editor,
bruce,
backdrop,
environ,
thank,
often,
susan,
toni,
shelter,
colleagu,
willi,
beyond,
excit,
ad,
method,
target,
acclaim,
courag,
progress,
east,
cathol,
singl,
andi,
moon,
defeat,
surfac,
warn,
epic,
dare,
giant,
imagin,
dress,
crush,
spell,
advic,
potenti,
score,
hilari,
dirti,
confid,
zombi,
bloodi,
shark,
region,
resort,
morgan,
guy,
le,
bridg,
kick,
low,
martial,
ground,
kung,
elizabeth,
motorcycl,
clean,
theyr,
hostag,
robot,
wont,
map,
popul,
warrior,
b,
oscar,
clair,
remark,
gone,
mistak,
publish,
brain,
chief,
refuge,
western,
appoint,
restor,
fatal,
newli,
iron,
enlist,
flat,
rachel,
vengeanc,
anniversari,
bit,
spiritu,
collabor,
convers,
blow,
introduc,
winter,
kate,
prize,
sexi,
grant,
cousin,
sadist,
heavi,
peasant,
cult,
trio,
song,
stephen,
sinist,
aliv,
web,
scienc,
sourc,
poverti,
alic,
mobster,
type,
grandfath,
tie,
psychiatrist,
earlier,
ann,
loos,
maria,
spanish,
desert,
johnni,
beat,
aid,
master,
reflect,
read,
expert,
dragon,
torment,
dan,
la,
triangl,
disast,
went,
nuclear,
non,
servant,
k,
massiv,
lewi,
fake,
aim,
theater,
rank,
foster,
fighter,
stake,
conduct,
pursuit,
cure,
nobodi,
deeper,
materi,
archiv,
english,
scandal,
collaps,
avoid,
lesbian,
captain,
promot,
sergeant,
jake,
male,
european,
mate,
either,
campaign,
waitress,
simon,
australian,
practic,
realis,
treatment,
hole,
edward,
frighten,
link,
legal,
snow,
express,
veteran,
impact,
lack,
equal,
juli,
stone,
fit,
astronaut,
psycholog,
level,
sweet,
walter,
internet,
tom,
contact,
grave,
reclus,
attitud,
johnson,
paper,
boxer,
box,
arthur,
strip,
happili,
sit,
accord,
infam,
maid,
empti,
fbi,
hitler,
flesh,
accompani,
depth,
anti,
mafia,
creation,
ryan,
unemploy,
st,
declar,
newspap,
hong,
kong,
spot,
pierr,
larri,
harri,
royal,
albert,
victor,
pet,
circus,
controversi,
ranch,
post,
pete,
sick,
hop,
technolog,
andrew,
horrif,
manipul,
brilliant,
cooper,
recount,
feder,
w,
liber,
alex,
robin,
wind,
biggest,
announc,
sequel,
river,
lesson,
secretari,
insan,
folk,
donald,
paint,
kiss,
period,
brian,
unwit,
australia,
network,
cold,
cloth,
mayor,
samurai,
linda,
fallen,
crowd,
assum,
mrs,
empir,
mentor,
vow,
vega,
jess,
mickey,
invad,
forget,
invas,
garden,
exil,
saint,
annual,
steven,
tim,
punk,
languag,
tribe,
salesman,
worri,
championship,
homicid,
cash,
horribl,
gas,
